Hospital_Name,Hospital_Address,Hospital_Phone_Number,,,,,,,,
CHINLE COMPREHENSIVE HEALTH CARE FACILITY,"US HWY 191, HOSPITAL ROAD, CHINLE,",407 647 9111,,,,,,,,
CONWAY BEHAVIORAL HEALTH,"2255 STURGIS ROAD, CONWAY",305 326 6000,,,,,,,,
96th Medical Group (Eglin AFB),"96 MDG 307 Boatner Rd Suite 114, Eglin AFB",212 561 4132,,,,,,,,
"ROCK REGIONAL HOSPITAL, LLC","3251 NORTH ROCK ROAD, DERBY",617 732 5500,,,,,,,,
HAMILTON COUNTY HOSPITAL,"700 NORTH HUSER, SYRACUSE",415 776 5140,,,,,,,,
COTTONWOOD SPRINGS LLC,"13351 S ARAPAHO DRIVE, OLATHE",954 978 5000,,,,,,,,
TRIGG COUNTY HOSPITAL,"254 MAIN STREET, CADIZ",617 732 3000,,,,,,,,
GLENWOOD REGIONAL MEDICAL CENTER,"503 MCMILLAN ROAD, WEST MONROE	",202 994 1000,,,,,,,,
EASTERN SHORE HOSPITAL CENTER,"POST OFFICE BOX 800, CAMBRIDGE",305 666 2111,,,,,,,,
MCKENZIE HEALTH SYSTEM,"120 N DELAWARE STREET, SANDUSKY",212 606 1000,,,,,,,,
